time,value,category
2018-03-19 11:02:43,18,A
2018-03-18 05:18:28,106,C
2018-03-20 11:46:10,113,C
2018-03-16 16:04:03,24,B
2018-03-21 16:25:30,14,A
2018-03-19 19:41:04,21,B
2018-03-16 20:17:57,29,B
2018-03-19 09:58:24,12,B
2018-03-20 19:59:40,18,C
2018-03-16 11:26:21,1,C
2018-03-19 06:15:55,11,A
2018-03-21 12:00:51,51,C
2018-03-19 14:52:01,"1,173",C
2018-03-17 01:07:43,88,C
2018-03-21 12:33:54,22,C
2018-03-16 11:14:21,1,C
2018-03-19 08:18:57,7,A
2018-03-21 12:55:54,117,C
2018-03-16 02:10:54,14,C
2018-03-19 15:24:45,9,A
2018-03-18 22:20:43,26,B
2018-03-19 21:48:25,130,B
2018-03-21 09:38:13,70,B
2018-03-21 19:41:11,25,C
2018-03-16 01:15:28,20,B
2018-03-20 14:36:47,78,B
2018-03-20 00:48:04,0,A
2018-03-19 07:53:12,65,B
2018-03-21 05:02:26,130,B
2018-03-20 15:34:05,481,C
2018-03-16 19:32:52,146,A
2018-03-18 16:43:45,616,C
2018-03-19 11:02:16,11,A
2018-03-19 10:50:32,8,B
2018-03-16 12:29:31,5,A
2018-03-21 06:01:01,136,B
2018-03-20 09:01:43,7,A
2018-03-19 05:31:27,132,A
2018-03-20 07:12:48,7,A
2018-03-19 18:50:16,53,B
2018-03-20 15:44:28,143,C
2018-03-16 09:22:47,149,C
2018-03-16 09:36:41,24,B
2018-03-16 06:14:00,22,C
2018-03-21 09:56:04,16,A
2018-03-20 08:14:54,51,A
2018-03-21 05:30:43,24,B
2018-03-21 16:02:21,30,C
2018-03-19 10:09:01,54,B
2018-03-21 15:14:26,23,A
2018-03-20 15:33:35,22,B
2018-03-20 05:30:19,18,A
2018-03-19 12:23:23,33,C
2018-03-21 04:47:49,13,C
2018-03-21 13:53:47,13,C
2018-03-16 05:01:27,144,C
2018-03-21 18:03:18,608,B
2018-03-20 12:13:02,28,B
2018-03-19 02:26:06,6,C
2018-03-20 16:58:31,43,B
2018-03-18 16:44:50,51,C
2018-03-19 16:48:11,317,A
2018-03-18 04:00:36,30,A
2018-03-21 09:22:53,8,C
2018-03-16 13:07:24,2,A
2018-03-21 15:39:25,453,C
2018-03-20 12:31:57,57,B
2018-03-19 10:15:01,30,A
2018-03-21 13:22:54,73,C
2018-03-19 17:14:49,66,A
2018-03-20 19:14:39,9,C
2018-03-20 07:32:04,24,A
2018-03-19 18:37:19,5,C
2018-03-21 13:18:29,10,C
2018-03-17 03:08:26,124,B
2018-03-18 11:29:12,4,A
2018-03-20 06:44:41,42,C
2018-03-19 07:20:29,28,B
2018-03-20 12:00:49,40,C
2018-03-19 08:32:09,7,A
2018-03-20 11:54:39,78,C
2018-03-20 16:43:27,15,B
2018-03-20 07:05:43,20,A
2018-03-20 19:29:18,2,A
2018-03-21 10:04:27,650,A
2018-03-21 14:13:09,0,C
2018-03-19 12:12:38,4,B
2018-03-21 14:09:56,13,A
2018-03-20 16:36:34,6,A
2018-03-19 12:23:00,9,C
2018-03-19 18:54:49,364,C
2018-03-20 23:00:37,3,C
2018-03-21 08:22:38,4,B
2018-03-17 09:21:00,90,B
2018-03-19 12:20:28,"1,899",C
2018-03-16 02:58:23,25,C
2018-03-16 12:06:26,189,C
2018-03-21 13:16:00,49,C
2018-03-21 17:43:34,14,A
2018-03-20 20:08:56,7,B
2018-03-20 16:37:16,3,C
2018-03-21 10:49:25,25,C
2018-03-18 00:14:45,2,B
2018-03-19 21:01:00,127,A
2018-03-21 14:51:43,21,A
2018-03-16 15:19:45,63,C
2018-03-19 10:14:12,134,B
2018-03-20 11:03:38,78,C
2018-03-21 20:20:44,135,C
2018-03-20 20:15:04,1,A
2018-03-16 06:20:16,119,B
2018-03-20 06:14:47,1,A
2018-03-21 11:56:18,146,A
2018-03-21 06:12:19,9,A
2018-03-20 13:44:34,36,A
2018-03-16 18:29:11,3,B
2018-03-19 07:16:45,150,B
2018-03-20 16:12:50,34,B
2018-03-20 12:47:53,17,C
2018-03-21 15:35:30,13,C
2018-03-21 13:19:59,18,A
2018-03-19 12:24:56,20,B
2018-03-21 05:11:10,124,A
2018-03-20 04:30:47,140,A
2018-03-19 18:29:26,5,B
2018-03-19 04:31:29,1,C
2018-03-20 08:40:21,12,C
2018-03-20 06:00:53,594,B
2018-03-18 21:55:32,104,C
2018-03-19 11:09:41,0,A
2018-03-21 16:38:51,20,A
2018-03-19 10:19:39,3,A
2018-03-18 13:26:29,6,B
2018-03-21 19:46:08,23,A
2018-03-19 06:03:09,24,B
2018-03-20 11:16:11,83,C
2018-03-20 11:52:48,0,A
2018-03-21 07:51:35,4,B
2018-03-19 18:33:46,"1,503",A
2018-03-21 06:42:27,279,A
2018-03-19 15:21:55,706,C
2018-03-21 07:57:27,14,C
2018-03-19 11:51:38,34,A
2018-03-20 13:45:42,17,A
2018-03-19 21:26:37,48,B
2018-03-16 12:21:21,26,A
2018-03-16 11:00:26,14,A
2018-03-20 08:58:47,12,B
2018-03-20 06:56:58,5,C
2018-03-19 14:58:09,13,C
2018-03-19 06:27:50,32,A
2018-03-16 09:59:25,36,B
2018-03-19 11:09:12,39,B
2018-03-21 13:36:12,11,A
2018-03-18 19:30:03,1,B
2018-03-19 11:29:27,65,B
2018-03-20 18:20:42,33,B
2018-03-16 13:41:34,41,B
2018-03-21 20:31:46,4,C
2018-03-21 09:58:06,621,C
2018-03-20 08:56:42,14,A
2018-03-20 12:13:16,9,C
2018-03-20 14:38:28,4,A
2018-03-20 12:22:21,6,B
2018-03-20 12:00:52,38,C
2018-03-16 11:31:00,14,C
2018-03-21 15:50:20,0,C
2018-03-20 10:19:38,200,A
2018-03-19 13:58:19,25,A
2018-03-19 16:48:04,134,B
2018-03-21 03:00:38,153,C
2018-03-19 16:13:40,69,C
2018-03-19 21:01:02,3,B
2018-03-21 15:14:19,1,C
2018-03-20 07:13:47,13,B
2018-03-21 09:54:20,28,A
2018-03-20 06:56:14,19,B
2018-03-19 20:04:49,46,C
2018-03-16 08:53:55,268,A
2018-03-19 06:52:10,1,C
2018-03-20 18:38:31,81,C
2018-03-16 08:58:21,126,A
2018-03-19 09:28:25,146,B
2018-03-20 08:17:17,16,C
2018-03-20 07:07:34,127,B
2018-03-17 02:15:20,99,B
2018-03-17 07:34:28,103,C
2018-03-21 10:44:56,33,A
2018-03-20 12:26:14,53,A
2018-03-20 05:43:58,124,A
2018-03-20 10:19:48,20,B
2018-03-19 08:04:34,18,C
2018-03-20 12:53:00,57,A
2018-03-16 21:12:10,2,C
2018-03-16 02:19:52,39,A
2018-03-21 03:29:21,1,C
2018-03-21 08:29:27,2,B
2018-03-19 13:33:42,3,C
2018-03-20 21:21:38,57,A
2018-03-19 07:20:53,36,C
2018-03-16 20:08:28,27,A
2018-03-20 22:40:53,126,B
2018-03-16 14:51:27,27,A
2018-03-20 14:59:47,0,C
2018-03-16 08:16:09,131,C
2018-03-19 13:25:31,5,C
2018-03-19 17:43:24,8,A
2018-03-19 12:08:17,3,B
2018-03-16 04:24:05,10,C
2018-03-17 05:31:33,34,C
2018-03-20 05:32:28,16,A
2018-03-21 10:08:52,15,C
2018-03-20 06:02:03,162,A
2018-03-21 13:49:20,9,C
2018-03-19 06:33:07,3,C
2018-03-19 14:48:52,62,B
2018-03-16 03:35:43,137,B
2018-03-19 15:55:05,134,C
2018-03-21 04:35:28,23,C
2018-03-17 09:01:27,1,C
2018-03-18 20:47:03,25,A
2018-03-19 03:36:45,3,C
2018-03-19 13:02:24,9,B
2018-03-20 04:35:21,26,A
2018-03-16 16:46:02,15,A
2018-03-19 12:58:09,11,A
2018-03-19 09:16:04,8,B
2018-03-20 20:57:03,2,C
2018-03-16 05:30:28,29,A
2018-03-16 21:05:36,3,C
2018-03-18 05:12:59,31,C
2018-03-19 21:24:18,11,B
2018-03-17 01:15:29,26,C
2018-03-21 10:28:37,28,B
2018-03-20 15:43:05,22,B
2018-03-20 11:35:19,108,C
2018-03-16 03:24:49,142,A
2018-03-16 13:14:41,1,A
2018-03-20 08:23:02,19,B
2018-03-20 13:29:34,2,B
2018-03-21 01:44:36,264,A
2018-03-16 18:14:33,2,B
2018-03-20 12:52:40,139,A
2018-03-21 09:38:28,14,B
2018-03-21 18:58:25,796,A
2018-03-16 08:35:58,123,C
2018-03-20 07:59:24,11,C
2018-03-20 17:27:17,170,A
2018-03-20 09:44:46,4,B
2018-03-16 06:41:33,128,B
2018-03-21 14:28:50,13,C
2018-03-17 05:59:27,31,B
2018-03-21 20:32:02,8,B
2018-03-16 10:56:30,12,C
2018-03-17 10:20:57,29,B
2018-03-20 09:08:40,108,B
2018-03-21 15:43:13,11,C
2018-03-20 15:19:16,77,B
2018-03-17 12:00:46,68,B
2018-03-21 04:21:01,284,A
2018-03-16 06:10:39,7,C
2018-03-20 14:58:09,11,A
2018-03-20 15:43:02,30,B
2018-03-16 11:29:25,1,A
2018-03-16 05:52:42,20,A
2018-03-20 12:20:50,36,C
2018-03-21 00:29:59,5,B
2018-03-19 08:00:59,0,A
2018-03-21 00:52:09,44,A
2018-03-19 12:08:25,74,A
2018-03-19 19:46:42,51,A
2018-03-21 09:38:23,688,A
2018-03-16 01:30:17,6,B
2018-03-16 08:29:19,32,A
2018-03-20 13:49:31,1,A
2018-03-19 05:30:20,16,B
2018-03-20 17:23:10,2,B
2018-03-19 17:30:19,40,A
2018-03-19 12:10:57,253,B
2018-03-20 15:56:52,6,A
2018-03-19 18:18:23,5,C
2018-03-16 04:35:46,23,A
2018-03-19 14:29:48,2,B
2018-03-16 15:24:05,10,C
2018-03-19 13:24:19,6,C
2018-03-17 06:00:44,31,C
2018-03-18 20:20:56,33,C
2018-03-21 19:13:08,5,C
2018-03-16 08:01:12,37,A
2018-03-21 04:54:05,126,C
2018-03-16 20:51:05,114,C
2018-03-21 09:08:33,12,B
2018-03-20 12:23:08,58,A
2018-03-19 03:07:56,4,B
2018-03-19 06:00:35,101,C
2018-03-19 18:43:37,31,A
2018-03-19 12:26:27,212,C
2018-03-21 17:34:26,113,C
2018-03-20 04:30:45,145,C
2018-03-16 12:41:48,67,C
2018-03-21 21:44:27,0,A
2018-03-20 10:50:32,1,B
2018-03-19 10:18:42,5,C
2018-03-21 10:31:44,4,A
2018-03-16 06:04:03,116,B
2018-03-21 14:54:03,19,A
2018-03-19 10:24:49,612,B
2018-03-20 13:57:26,177,B
2018-03-20 14:04:59,10,B
2018-03-17 06:14:15,8,B
2018-03-19 21:28:34,23,B
2018-03-21 01:26:55,4,A
2018-03-20 09:11:25,207,B
2018-03-18 05:03:23,8,B
2018-03-21 07:55:01,3,A
2018-03-16 20:28:50,48,C
2018-03-16 10:20:13,28,C
2018-03-19 14:22:03,70,C
2018-03-19 06:12:42,22,A
2018-03-21 14:49:32,2,C
2018-03-20 12:26:36,111,B
2018-03-20 06:32:34,8,B
2018-03-19 15:07:18,22,A
2018-03-16 15:31:16,18,C
2018-03-19 09:51:45,2,B
2018-03-20 01:36:11,70,A
2018-03-19 06:49:38,0,C
2018-03-19 09:40:38,18,B
2018-03-18 04:31:35,117,A
2018-03-20 10:34:51,361,A
2018-03-16 18:50:11,13,A
2018-03-16 07:44:50,11,A
2018-03-19 16:36:03,17,B
2018-03-16 19:12:12,12,A
2018-03-21 10:14:15,0,C
2018-03-21 12:41:01,59,C
2018-03-19 15:15:54,3,B
2018-03-20 05:33:38,35,C
2018-03-21 11:30:17,160,C
2018-03-19 09:28:06,15,B
2018-03-19 09:01:01,120,A
2018-03-16 16:26:08,3,A
2018-03-19 13:02:30,90,A
2018-03-21 06:00:26,161,B
2018-03-19 19:53:39,3,A
2018-03-20 14:15:06,49,B
2018-03-19 09:53:02,19,C
2018-03-18 13:42:29,41,C
2018-03-21 16:39:52,0,C
2018-03-19 11:14:05,35,B
2018-03-19 08:21:17,52,A
2018-03-20 13:53:10,32,C
2018-03-21 13:36:47,0,B
2018-03-21 05:30:55,5,B
2018-03-16 15:23:10,93,C
2018-03-21 12:15:05,7,A
2018-03-19 07:08:28,53,A
2018-03-19 10:13:50,130,A
2018-03-16 10:39:18,0,A
2018-03-20 05:29:16,139,B
2018-03-20 11:50:58,10,B
2018-03-20 06:38:47,132,A
2018-03-16 06:29:43,3,A
2018-03-16 03:12:26,175,B
2018-03-20 06:53:49,122,A
2018-03-21 12:58:17,2,B
2018-03-20 11:42:06,4,B
2018-03-19 06:18:09,6,C
2018-03-16 13:16:55,124,A
2018-03-17 05:01:00,102,A
2018-03-21 13:53:48,1,B
2018-03-16 10:50:23,1,B
2018-03-21 04:35:14,22,B
2018-03-21 00:22:32,15,B
2018-03-20 08:59:53,6,C
2018-03-21 05:26:20,10,C
2018-03-21 10:06:43,19,B
2018-03-21 11:43:55,10,B
2018-03-20 15:07:02,3,B
2018-03-17 10:29:59,1,A
2018-03-19 10:11:00,1,B
2018-03-21 13:14:34,46,C
2018-03-20 07:35:28,0,C
2018-03-19 07:52:32,20,B
2018-03-19 14:43:16,0,A
2018-03-19 12:39:08,12,B
2018-03-19 09:44:48,38,B
2018-03-17 10:30:33,13,B
2018-03-21 14:50:33,0,A
2018-03-21 20:21:21,36,C
2018-03-21 19:00:56,56,C
2018-03-21 05:07:36,2,C
2018-03-19 06:24:12,11,C
2018-03-21 13:58:43,102,C
2018-03-21 14:53:13,1,C
2018-03-20 09:03:41,4,A
2018-03-20 12:15:33,629,C
2018-03-16 11:31:09,2,C
2018-03-21 11:30:01,3,A
2018-03-20 12:15:01,3,B
2018-03-18 03:00:18,71,B
2018-03-20 09:54:47,2,A
2018-03-16 10:26:14,136,A
2018-03-20 10:54:57,23,B
2018-03-20 20:24:11,15,B
2018-03-19 09:01:03,37,A
2018-03-19 21:23:35,5,C
2018-03-21 08:59:17,30,C
2018-03-21 07:59:01,11,C
2018-03-21 15:46:15,1,C
2018-03-19 16:28:35,3,C
2018-03-19 17:18:45,30,B
2018-03-19 09:25:03,163,B
2018-03-21 19:52:14,13,A
2018-03-19 07:52:25,13,C
2018-03-16 14:29:42,0,C
2018-03-21 16:23:24,0,A
2018-03-18 10:05:58,5,A
2018-03-19 14:56:15,15,C
2018-03-21 14:40:34,12,B
2018-03-16 05:01:40,15,A
2018-03-20 10:11:04,8,A
2018-03-21 09:32:23,13,C
2018-03-17 05:17:11,130,B
2018-03-21 09:24:12,3,C
2018-03-19 14:23:43,22,B
2018-03-21 11:50:41,8,B
2018-03-21 10:57:31,133,A
2018-03-20 10:29:07,3,A
2018-03-19 15:01:34,20,C
2018-03-19 11:18:52,29,A
2018-03-21 11:41:33,11,B
2018-03-19 04:41:35,3,B
2018-03-21 15:28:37,2,A
2018-03-21 14:42:12,966,B
2018-03-19 19:03:13,0,A
2018-03-20 07:49:20,6,C
2018-03-20 17:29:41,2,C
2018-03-16 06:15:45,199,C
2018-03-20 12:29:46,1,B
2018-03-20 16:05:57,3,B
2018-03-20 20:56:39,1,B
2018-03-20 05:46:22,19,C
2018-03-16 09:16:03,6,C
2018-03-21 20:11:48,10,A
2018-03-17 04:33:32,143,C
2018-03-20 09:08:37,72,A
2018-03-20 19:41:48,5,C
2018-03-16 12:13:05,128,B
2018-03-19 13:07:28,20,C
2018-03-16 10:18:04,17,A
2018-03-20 06:30:22,87,A
2018-03-16 21:27:02,4,C
2018-03-21 07:38:30,65,B
2018-03-16 04:30:11,127,A
2018-03-20 04:35:15,18,A
2018-03-21 08:33:55,22,C
2018-03-18 22:29:47,1,A
2018-03-20 07:45:17,28,B
2018-03-21 06:11:06,27,C
2018-03-17 12:00:26,88,C
2018-03-20 14:15:33,11,C
2018-03-20 18:17:33,0,C
2018-03-21 14:07:52,37,C
2018-03-20 05:10:49,42,A
2018-03-19 12:29:37,2,A
2018-03-16 13:26:36,0,C
2018-03-20 07:50:08,16,B
2018-03-21 16:47:49,300,A
2018-03-19 10:11:56,21,B
2018-03-21 20:24:47,16,A
2018-03-20 12:32:20,1,A
2018-03-21 16:54:04,6,B
2018-03-19 12:13:30,52,B
2018-03-17 17:48:00,58,B
2018-03-19 11:29:18,0,A
2018-03-19 14:20:57,41,B
2018-03-16 09:54:25,7,A
2018-03-16 10:54:07,3,C
2018-03-21 03:00:34,30,B
2018-03-19 15:40:04,123,C
2018-03-20 05:30:42,4,B
2018-03-16 16:12:30,27,B
2018-03-19 17:59:31,12,B
2018-03-20 18:32:24,5,B
2018-03-20 09:20:27,89,B
2018-03-19 20:20:08,4,A
2018-03-18 05:30:25,2,B
2018-03-21 06:59:12,31,C
2018-03-19 12:17:21,3,A
2018-03-17 11:01:24,16,A
2018-03-19 16:17:00,0,C
2018-03-20 07:49:56,17,C
2018-03-19 08:58:07,28,B
2018-03-20 07:45:29,4,A
2018-03-16 04:24:04,55,C
2018-03-21 16:15:12,0,B
2018-03-21 19:09:07,8,A
2018-03-16 07:07:18,110,B
2018-03-20 14:59:36,4,A
2018-03-19 16:18:36,102,B
2018-03-18 10:38:42,3,B
2018-03-16 06:01:06,152,C
2018-03-19 03:55:39,692,A
2018-03-19 11:20:11,108,B
2018-03-20 13:15:13,5,A
2018-03-19 10:25:12,52,A
2018-03-21 22:00:23,0,C
2018-03-21 18:06:39,21,B
2018-03-20 07:25:57,31,A
2018-03-19 08:32:00,25,C
2018-03-19 16:29:49,2,C
2018-03-19 14:27:22,204,B
2018-03-19 12:00:19,20,A
2018-03-20 10:43:11,26,A
2018-03-16 08:44:29,20,A
2018-03-20 21:23:10,60,A
2018-03-20 08:00:26,28,C
2018-03-21 09:37:01,31,B
2018-03-20 08:48:46,135,A
2018-03-19 12:05:49,22,C
2018-03-19 13:02:56,19,B
2018-03-16 15:34:55,3,B
2018-03-16 17:43:05,7,B
2018-03-16 19:25:32,28,A
2018-03-18 15:14:21,1,A
2018-03-16 08:24:06,43,A
2018-03-20 20:08:33,23,C
2018-03-20 07:00:27,126,B
2018-03-19 18:50:04,54,A
2018-03-20 15:13:06,6,C
2018-03-19 09:18:08,199,A
2018-03-16 17:59:27,21,B
2018-03-21 07:59:31,61,C
2018-03-19 08:11:05,13,A
2018-03-16 14:42:32,8,B
2018-03-17 06:29:30,3,C
2018-03-16 15:28:03,54,B
2018-03-17 11:30:04,10,C
2018-03-17 05:16:34,27,A
2018-03-20 03:35:24,23,B
2018-03-17 15:26:25,75,C
2018-03-20 15:35:34,63,C
2018-03-16 07:24:19,47,B
2018-03-19 03:33:48,5,A
2018-03-19 12:01:48,109,C
2018-03-19 15:38:35,357,A
2018-03-18 12:45:16,67,C
2018-03-20 05:10:49,127,C
2018-03-16 07:50:18,8,A
2018-03-19 09:26:47,0,C
2018-03-16 07:47:51,123,B
2018-03-20 12:40:00,12,B
2018-03-18 05:30:44,25,B
2018-03-19 11:15:46,7,C
2018-03-20 06:30:24,24,C
2018-03-17 11:01:18,54,C
2018-03-21 03:00:44,98,A
2018-03-19 07:31:20,5,B
2018-03-16 07:30:22,392,B
2018-03-21 18:02:40,15,C
2018-03-21 06:44:37,24,B
2018-03-20 15:30:25,415,C
2018-03-19 05:30:30,24,C
2018-03-16 05:26:23,9,B
2018-03-21 13:35:09,614,C
2018-03-19 17:16:34,12,B
2018-03-19 21:48:11,22,B
2018-03-16 05:30:41,36,B
2018-03-19 21:57:32,37,B
2018-03-19 19:10:36,370,A
2018-03-19 14:28:08,17,B
2018-03-16 04:35:42,23,A
2018-03-20 10:03:19,68,C
2018-03-21 14:31:22,29,B
2018-03-16 09:57:22,12,B
2018-03-20 14:11:01,121,B
2018-03-21 10:02:03,602,B
2018-03-16 09:16:09,30,C
2018-03-20 09:57:40,129,C
2018-03-19 07:39:32,11,B
2018-03-21 13:31:05,3,C
2018-03-20 09:01:13,1,B
2018-03-19 00:20:26,30,A
2018-03-16 08:51:14,0,B
2018-03-17 13:08:11,45,B
2018-03-16 11:28:19,21,B
2018-03-21 14:31:33,12,A
2018-03-20 15:58:29,5,A
2018-03-21 09:47:29,20,B
2018-03-19 14:37:50,9,C
2018-03-20 08:39:12,30,B
2018-03-19 08:28:07,21,C
2018-03-19 14:20:32,30,C
2018-03-20 08:47:14,22,A
2018-03-17 18:52:00,298,A
2018-03-18 06:01:11,11,A
2018-03-21 13:17:23,3,A
2018-03-16 06:14:44,2,B
2018-03-16 11:06:05,4,C
2018-03-21 10:58:00,27,C
2018-03-16 10:51:09,0,B
2018-03-20 07:07:03,133,A
2018-03-20 05:02:20,10,B
2018-03-19 11:03:07,5,B
2018-03-18 23:20:05,102,C
2018-03-18 12:06:05,28,A
2018-03-21 09:12:54,62,B
2018-03-20 09:49:20,92,C
2018-03-21 16:00:04,1,A
2018-03-20 12:13:42,20,B
2018-03-20 15:18:55,25,B
2018-03-20 10:40:52,380,A
2018-03-19 22:30:19,89,A
2018-03-19 13:11:01,35,C
2018-03-19 08:32:59,38,A
2018-03-20 11:15:42,2,B
2018-03-16 08:42:51,112,B
2018-03-19 07:10:43,6,A
2018-03-19 14:13:39,46,C
2018-03-16 05:29:55,137,A
2018-03-21 08:28:02,6,B
2018-03-21 12:01:02,27,B
2018-03-17 06:29:13,1,C
2018-03-21 07:47:34,2,C
2018-03-16 06:01:27,144,A
2018-03-17 22:19:00,47,C
2018-03-20 09:19:53,210,C
2018-03-21 09:29:17,22,A
2018-03-21 14:04:51,24,C
2018-03-16 13:15:10,51,B
2018-03-20 12:31:53,54,C
2018-03-19 13:01:34,99,C
2018-03-20 07:00:54,85,C
2018-03-19 05:15:04,5,C
2018-03-21 07:59:36,51,C
2018-03-20 07:55:28,65,C
2018-03-20 10:21:00,45,B
2018-03-19 13:48:03,40,B
2018-03-16 11:18:27,3,B
2018-03-21 10:00:49,28,B
2018-03-20 18:50:19,12,A
2018-03-18 06:30:14,5,B
2018-03-16 13:00:32,22,A
2018-03-16 06:43:06,10,B
2018-03-16 07:27:43,5,A
2018-03-20 07:23:07,7,C
2018-03-20 12:25:00,17,A
2018-03-19 11:07:33,34,A
2018-03-19 05:29:24,151,A
2018-03-17 11:01:19,130,A
2018-03-18 04:00:36,115,C
2018-03-21 09:30:57,20,B
2018-03-20 21:57:35,1,C
2018-03-20 14:37:23,3,C
2018-03-16 04:38:29,112,B
2018-03-18 10:15:05,365,B
2018-03-19 13:11:22,1,A
2018-03-21 04:00:42,11,A
2018-03-20 07:26:33,12,A
2018-03-19 10:39:47,75,C
2018-03-21 07:00:25,21,A
2018-03-20 19:52:05,52,C
2018-03-16 08:17:34,38,B
2018-03-18 23:01:15,101,A
2018-03-20 11:38:42,15,C
2018-03-19 09:20:05,2,C
2018-03-20 01:46:14,80,A
2018-03-20 08:31:59,11,B
2018-03-16 15:40:09,14,B
2018-03-21 15:57:40,7,B
2018-03-21 05:30:49,26,B
2018-03-20 17:31:20,9,C
2018-03-17 22:04:20,50,C
2018-03-20 13:25:30,23,C
2018-03-20 07:21:24,29,A
2018-03-20 11:48:47,15,A
2018-03-16 21:53:33,8,C
2018-03-20 08:04:46,7,B
2018-03-21 13:53:32,3,A
2018-03-19 07:44:09,8,B
2018-03-18 02:30:26,200,C
2018-03-20 12:01:09,55,C
2018-03-20 12:48:20,31,C
2018-03-20 11:38:57,0,A
2018-03-21 02:26:39,2,A
2018-03-20 15:38:24,4,C
2018-03-20 16:05:22,31,C
2018-03-21 13:19:30,51,B
2018-03-20 01:27:05,1,A
2018-03-20 11:30:13,22,B
2018-03-19 16:04:43,1,B
2018-03-20 11:50:05,7,C
2018-03-19 07:37:43,5,C
2018-03-20 17:24:19,49,B
2018-03-21 05:13:11,43,B
2018-03-20 09:11:13,8,B
2018-03-16 05:41:48,123,B
2018-03-21 05:23:42,18,C
2018-03-19 10:44:40,11,A
2018-03-16 13:15:39,25,B
2018-03-19 18:08:28,0,A
2018-03-19 16:52:58,0,C
2018-03-21 01:20:10,28,B
2018-03-21 16:32:59,76,B
2018-03-16 15:12:56,0,B
2018-03-16 12:47:01,195,A
2018-03-21 08:09:45,7,A
2018-03-18 06:22:39,8,A
2018-03-21 19:12:50,13,C
2018-03-21 16:54:54,32,A
2018-03-19 17:48:09,29,C
2018-03-16 08:22:32,18,C
2018-03-19 12:06:49,707,B
2018-03-16 10:22:52,20,C
2018-03-21 14:24:24,7,C
2018-03-20 14:36:54,91,C
2018-03-16 18:16:57,30,C
2018-03-21 21:37:27,1,A
2018-03-19 13:14:20,1,B
2018-03-20 19:46:45,11,A
2018-03-19 07:28:01,32,B
2018-03-18 01:29:53,1,A
2018-03-16 12:00:59,16,C
2018-03-21 08:54:11,61,B
2018-03-21 16:39:34,0,B
2018-03-19 14:42:23,38,A
2018-03-20 13:50:05,2,B
2018-03-19 10:27:10,4,C
2018-03-21 11:30:13,15,A
2018-03-19 01:26:39,4,A
2018-03-19 11:13:06,55,B
2018-03-19 11:32:58,11,B
2018-03-18 06:48:33,7,A
2018-03-19 05:30:46,32,B
2018-03-20 09:15:26,20,B
2018-03-16 14:40:18,46,A
2018-03-21 13:06:06,1,B
2018-03-19 04:01:16,7,A
2018-03-20 12:44:47,96,C
2018-03-20 12:59:03,0,C
2018-03-21 10:39:15,6,C
2018-03-16 15:09:36,42,A
2018-03-20 09:16:22,22,B
2018-03-21 15:34:50,9,C
2018-03-21 15:48:57,756,A
2018-03-19 07:29:06,10,C
2018-03-20 03:09:10,7,C
2018-03-19 05:26:25,11,B
2018-03-16 00:59:54,24,B
2018-03-21 04:30:18,189,A
2018-03-19 06:19:23,132,C
2018-03-19 09:17:07,4,A
2018-03-19 20:10:50,90,B
2018-03-19 01:36:56,26,A
2018-03-19 12:29:32,1,C
2018-03-21 18:20:56,65,C
2018-03-20 06:01:24,13,B
2018-03-20 08:41:46,8,B
2018-03-20 15:35:25,2,C
2018-03-18 04:15:07,5,C
2018-03-21 15:41:13,23,C
2018-03-18 06:01:09,48,B
2018-03-19 10:43:46,3,C
2018-03-20 18:30:31,57,B
2018-03-16 15:46:33,30,A
2018-03-19 11:34:57,100,A
2018-03-20 08:40:54,48,A
2018-03-19 05:15:02,56,B
2018-03-21 15:30:55,273,A
2018-03-19 07:36:14,26,B
2018-03-19 12:34:38,15,C
2018-03-20 13:21:26,43,B
2018-03-20 18:06:57,17,A
2018-03-16 12:00:48,116,A
2018-03-21 08:24:19,16,A
2018-03-19 04:31:15,131,A
2018-03-17 10:36:55,36,C
2018-03-16 13:02:18,9,A
2018-03-16 10:00:26,124,B
2018-03-20 20:11:56,8,B
2018-03-16 06:09:07,1,B
2018-03-21 13:53:35,64,A
2018-03-20 15:02:23,8,B
2018-03-20 13:06:45,396,B
2018-03-20 09:24:33,120,A
2018-03-19 09:20:57,18,A
2018-03-18 05:31:20,12,B
2018-03-20 07:00:18,110,B
2018-03-19 16:23:18,406,C
2018-03-16 07:50:50,35,C
2018-03-16 15:14:51,131,A
2018-03-19 08:42:14,38,A
2018-03-20 07:18:31,127,B
2018-03-16 21:02:57,45,C
2018-03-19 06:23:31,8,A
2018-03-16 08:38:09,4,B
2018-03-21 04:31:28,142,B
2018-03-21 12:07:12,3,B
2018-03-19 12:25:50,4,C
2018-03-16 10:15:07,26,B
2018-03-20 18:02:53,50,B
2018-03-16 11:00:29,24,B
2018-03-19 20:34:36,154,C
2018-03-20 16:52:18,18,A
2018-03-17 06:00:45,39,C
2018-03-17 04:30:11,5,C
2018-03-20 16:54:41,15,A
2018-03-20 13:24:34,42,A
2018-03-20 06:01:06,158,A
2018-03-20 03:55:18,3,A
2018-03-21 17:18:48,4,A
2018-03-21 07:35:44,0,A
2018-03-20 20:40:29,44,C
2018-03-17 14:01:13,14,C
2018-03-18 06:00:58,35,C
2018-03-18 05:31:00,273,A
2018-03-20 13:28:02,4,A
2018-03-19 16:26:47,7,B
2018-03-20 15:33:00,29,B
2018-03-18 08:14:16,1,B
2018-03-16 07:50:41,33,B
2018-03-20 17:16:14,6,B
2018-03-20 06:33:24,28,C
2018-03-19 10:52:38,19,A
2018-03-21 15:56:16,8,B
2018-03-19 12:51:19,1,A
2018-03-16 10:20:11,29,C
2018-03-16 06:30:31,38,A
2018-03-20 05:29:18,146,B
2018-03-20 09:14:35,126,A
2018-03-16 10:15:12,22,C
2018-03-20 11:30:20,3,A
2018-03-19 06:01:10,27,B
2018-03-16 16:03:43,10,B
2018-03-21 13:57:11,14,A
2018-03-19 00:00:13,18,C
2018-03-19 16:17:15,17,A
2018-03-19 15:52:14,41,B
2018-03-17 05:52:56,7,C
2018-03-16 21:52:36,103,C
2018-03-16 17:30:15,101,B
2018-03-19 10:26:55,3,C
2018-03-19 19:55:29,"1,016",A
2018-03-17 10:28:47,30,B
2018-03-18 23:33:01,119,C
2018-03-20 17:18:52,410,B
2018-03-21 13:28:53,11,A
2018-03-20 16:20:00,156,C
2018-03-21 12:53:58,2,B
2018-03-16 10:46:34,5,B
2018-03-19 08:39:00,11,B
2018-03-20 09:11:31,135,A
2018-03-21 00:28:42,145,A
2018-03-17 10:30:29,55,A
2018-03-16 07:31:05,5,A
2018-03-19 14:42:34,7,B
2018-03-16 14:30:16,2,C
2018-03-19 13:46:08,61,B
2018-03-19 06:26:16,1,C
2018-03-21 21:01:26,42,C
2018-03-20 13:40:54,43,A
2018-03-18 21:58:07,165,C
2018-03-19 07:25:50,122,B
2018-03-17 05:31:14,256,B
2018-03-19 07:58:55,90,A
2018-03-21 07:45:47,7,A
2018-03-21 10:20:55,15,B
2018-03-20 18:00:39,32,B
2018-03-16 10:15:14,"1,346",A
2018-03-18 21:20:37,31,A
2018-03-20 15:02:36,8,C
2018-03-19 13:12:30,9,C
2018-03-20 18:05:24,1,C
2018-03-20 11:37:34,8,C
2018-03-19 08:12:25,13,A
2018-03-21 16:14:39,2,B
2018-03-19 08:44:46,11,B
2018-03-19 15:04:06,794,C
2018-03-19 11:08:56,0,C
2018-03-17 11:28:20,20,C
2018-03-20 01:30:06,1,B
2018-03-20 06:42:08,284,A
2018-03-19 11:32:13,341,B
2018-03-20 15:13:06,478,B
2018-03-16 04:30:23,133,B
2018-03-21 08:00:22,1,C
2018-03-21 20:58:57,142,B
2018-03-16 09:20:59,30,B
2018-03-19 17:46:03,73,C
2018-03-21 06:00:51,12,A
2018-03-16 11:15:16,15,B
2018-03-21 20:27:01,22,B
2018-03-16 05:32:29,31,B
2018-03-17 10:54:25,70,C
2018-03-19 13:37:12,3,A
2018-03-21 08:16:21,28,C
2018-03-16 19:26:43,71,A
2018-03-21 14:31:31,8,B
2018-03-16 08:51:31,20,B
2018-03-21 20:56:08,18,A
2018-03-16 14:19:42,320,A
2018-03-21 11:47:03,10,C
2018-03-20 15:59:13,11,B
2018-03-16 05:47:39,20,A
2018-03-17 09:01:15,23,A
2018-03-21 18:26:44,26,A
2018-03-20 05:29:22,60,A
2018-03-18 18:04:33,52,C
2018-03-19 16:53:41,21,B
2018-03-20 07:46:27,51,B
2018-03-20 17:20:34,69,C
2018-03-19 08:58:56,5,B
2018-03-20 15:30:30,300,A
2018-03-16 16:01:02,3,A
2018-03-17 04:24:07,44,C
2018-03-18 05:00:40,9,C
2018-03-20 08:00:27,67,A
2018-03-19 11:05:08,114,B
2018-03-20 05:33:13,15,A
2018-03-20 14:15:52,152,C
2018-03-19 05:58:51,27,C
2018-03-19 07:14:18,20,A
2018-03-18 04:33:31,122,B
2018-03-19 20:36:06,11,C
2018-03-16 07:48:46,33,C
2018-03-20 09:58:09,39,A
2018-03-19 15:15:25,7,B
2018-03-16 07:38:46,0,B
2018-03-16 05:28:32,6,B
2018-03-17 06:21:04,8,A
2018-03-16 20:02:13,2,A
2018-03-16 18:17:39,11,A
2018-03-21 10:20:56,99,B
2018-03-20 18:50:16,17,B
2018-03-20 10:22:42,109,B
2018-03-19 00:33:25,5,A
2018-03-19 14:18:44,24,A
2018-03-20 08:16:45,8,A
2018-03-16 15:18:07,371,C
2018-03-19 10:57:52,27,B
2018-03-16 18:26:26,25,B
2018-03-20 06:13:48,137,C
2018-03-19 13:46:05,6,C
2018-03-16 08:03:14,31,A
2018-03-20 06:10:08,19,A
2018-03-20 16:14:37,4,C
2018-03-20 15:04:54,4,C
2018-03-21 13:40:30,52,A
2018-03-17 18:29:30,1,B
2018-03-18 06:01:15,12,A
2018-03-17 05:14:55,3,C
2018-03-21 08:02:52,1,C
2018-03-19 16:22:02,183,B
2018-03-18 23:19:14,19,A
2018-03-21 05:45:13,121,C
2018-03-16 16:15:54,1,C
2018-03-21 06:00:28,167,A
2018-03-21 06:30:29,21,C
2018-03-20 17:38:02,11,C
2018-03-21 04:00:41,141,C
2018-03-16 12:40:33,40,A
2018-03-18 18:14:41,5,C
2018-03-16 06:58:25,610,C
2018-03-16 10:00:34,129,A
2018-03-19 09:01:09,1,A
2018-03-16 10:18:47,135,A
2018-03-19 11:16:34,19,B
2018-03-21 20:24:45,1,C
2018-03-20 13:48:54,34,A
2018-03-18 12:00:36,20,B
2018-03-21 19:34:16,35,C
2018-03-19 07:56:32,4,A
2018-03-18 14:00:49,20,B
2018-03-21 08:20:47,159,B
2018-03-20 17:33:23,51,B
2018-03-21 06:22:12,4,A
2018-03-21 15:14:19,117,B
2018-03-21 13:43:38,137,C
2018-03-20 21:26:16,1,B
2018-03-20 20:27:46,15,A
2018-03-20 09:00:32,112,C
2018-03-18 23:01:17,126,C
2018-03-21 14:38:29,19,C
2018-03-20 10:36:24,3,A
2018-03-19 15:50:16,38,A
2018-03-18 05:29:26,120,C
2018-03-16 12:44:59,"1,186",B
2018-03-16 10:55:53,22,A
2018-03-17 12:05:26,65,C
2018-03-20 07:25:08,3,B
2018-03-19 13:58:47,0,A
2018-03-19 11:09:06,662,C
2018-03-20 11:21:09,33,A
2018-03-16 14:13:15,26,A
2018-03-16 12:18:42,14,C
2018-03-19 10:29:35,3,B
2018-03-16 05:00:44,64,C
2018-03-16 06:22:30,6,C
2018-03-19 06:49:49,1,C
2018-03-16 19:40:29,9,B
2018-03-19 07:01:40,122,A
2018-03-20 02:14:10,1,B
2018-03-19 19:08:10,23,A
2018-03-20 08:53:19,23,B
2018-03-18 05:14:28,105,A
2018-03-19 16:38:45,20,C
2018-03-21 08:49:44,14,C
2018-03-16 13:40:57,166,B
2018-03-17 05:00:48,146,C
2018-03-16 19:17:29,8,B
2018-03-20 10:01:12,16,C
2018-03-19 11:29:19,108,A
2018-03-16 06:30:12,44,B
2018-03-16 08:54:13,27,B
2018-03-19 10:57:39,43,B
2018-03-18 23:10:06,72,A
2018-03-16 10:29:20,2,A
2018-03-16 07:41:14,160,C
2018-03-17 02:15:23,135,C
2018-03-20 13:26:05,4,C
2018-03-20 06:14:57,64,C
2018-03-19 12:07:21,7,C
2018-03-18 23:18:07,34,C
2018-03-16 09:31:11,11,A
2018-03-16 10:36:19,35,C
2018-03-20 12:53:32,38,B
2018-03-19 12:31:56,6,C
2018-03-16 02:45:48,13,A
2018-03-19 13:10:22,1,B
2018-03-19 14:34:16,58,C
2018-03-16 01:00:27,2,C
2018-03-17 06:20:27,29,A
2018-03-16 15:10:46,55,B
2018-03-19 15:14:15,16,B
2018-03-19 14:42:52,8,C
2018-03-19 08:26:59,144,C
2018-03-19 22:00:33,4,C
2018-03-19 12:49:43,128,B
2018-03-21 10:21:46,15,C
2018-03-19 12:31:29,22,C
2018-03-20 15:41:13,39,B
2018-03-20 14:29:06,1,B
2018-03-21 13:29:34,38,B
2018-03-20 12:08:43,0,A
2018-03-21 05:30:29,18,B
2018-03-21 00:12:39,165,A
2018-03-20 14:58:12,130,B
2018-03-20 14:02:24,9,A
2018-03-20 17:21:29,73,A
2018-03-20 09:57:04,4,C
2018-03-21 12:37:51,188,C
2018-03-20 20:27:36,100,B
2018-03-16 19:25:17,2,C
2018-03-16 09:01:30,22,A
2018-03-16 12:55:37,45,B
2018-03-19 14:44:35,8,A
2018-03-16 10:54:06,0,C
2018-03-16 06:20:24,60,C
2018-03-19 12:22:59,41,A
2018-03-21 15:10:43,9,A
2018-03-19 20:46:30,35,A
2018-03-16 07:39:44,5,B
2018-03-19 10:11:04,2,B
2018-03-16 19:01:19,23,A
2018-03-16 19:15:30,97,B
2018-03-20 06:46:15,16,A
2018-03-20 21:59:22,0,C
2018-03-16 05:10:16,109,C
2018-03-21 09:15:19,8,A
2018-03-21 08:45:32,33,A
2018-03-16 23:16:22,56,A
2018-03-20 12:22:17,17,B
2018-03-19 09:57:18,81,A
2018-03-21 08:24:31,0,B
2018-03-20 12:58:06,2,A
2018-03-20 07:00:21,97,B
2018-03-21 01:46:10,509,A
2018-03-20 08:08:16,182,B
2018-03-21 05:41:27,44,C
2018-03-21 16:21:36,2,A
2018-03-16 03:06:48,16,B
2018-03-19 06:00:49,165,B
2018-03-20 23:06:02,17,B
2018-03-19 06:00:31,581,A
2018-03-20 09:25:49,6,A
2018-03-21 04:27:18,132,C
2018-03-20 05:30:37,128,B
2018-03-21 13:12:25,2,C
2018-03-20 10:02:27,36,A
2018-03-21 12:26:36,25,A
2018-03-18 08:46:00,6,A
2018-03-19 05:31:21,24,C
2018-03-20 12:00:50,40,A
2018-03-16 10:37:16,355,A
2018-03-20 07:34:07,9,B
2018-03-16 14:48:58,0,A
2018-03-16 11:30:25,150,B
2018-03-20 10:30:53,19,C
2018-03-20 20:27:02,15,A
2018-03-20 04:01:19,42,A
2018-03-19 14:12:36,0,B
2018-03-19 16:40:52,0,C
2018-03-16 06:08:09,2,C
2018-03-17 04:00:36,16,C
2018-03-19 06:00:41,6,B
2018-03-18 04:27:15,119,B
2018-03-19 20:19:42,5,C
2018-03-20 13:08:25,14,B
2018-03-20 14:50:02,45,B
2018-03-16 09:04:26,29,C
2018-03-20 10:15:31,701,A
2018-03-21 09:04:57,116,B
2018-03-21 17:43:38,74,A
2018-03-19 07:48:14,6,B
2018-03-16 19:10:31,7,A
2018-03-19 17:27:05,1,C
2018-03-16 12:35:25,87,C
2018-03-16 13:59:05,3,A
2018-03-16 05:26:34,11,A
2018-03-21 10:50:55,0,C
2018-03-20 20:39:57,24,C
2018-03-20 05:01:32,136,A
2018-03-16 07:41:11,8,C
2018-03-19 19:15:29,"1,400",B
2018-03-20 15:32:42,"1,984",C
2018-03-19 08:32:26,107,A
2018-03-19 14:23:01,0,B
2018-03-16 12:06:38,96,C
2018-03-17 01:31:07,9,B
2018-03-20 15:36:30,130,C
2018-03-21 23:01:09,9,B
2018-03-16 08:58:47,20,C
2018-03-21 20:06:50,"1,494",C
2018-03-16 16:01:25,3,A
2018-03-21 05:01:06,55,B
2018-03-21 02:20:20,26,B
2018-03-18 01:41:03,42,A
2018-03-19 13:12:43,11,A
2018-03-19 06:02:19,127,B
2018-03-18 10:41:46,42,C
2018-03-20 12:50:34,23,B
2018-03-20 14:45:45,10,B
2018-03-20 06:09:55,21,C
2018-03-20 14:43:04,60,A
2018-03-20 13:23:50,4,C
2018-03-19 15:29:40,181,B
2018-03-18 21:46:34,8,A
2018-03-18 05:29:16,125,A
2018-03-17 11:01:10,55,A
2018-03-21 14:38:04,52,A
2018-03-20 05:00:50,68,A
2018-03-16 01:29:46,4,A
2018-03-19 07:00:27,14,B
2018-03-19 21:28:45,28,A
2018-03-17 05:26:39,10,A
2018-03-20 21:41:11,"1,171",A
2018-03-21 03:00:31,135,B
2018-03-17 09:00:54,35,A
2018-03-16 20:25:12,42,B
2018-03-21 09:28:26,33,C
2018-03-21 12:19:09,5,A
2018-03-21 11:36:46,11,C
2018-03-19 19:33:38,20,A
2018-03-21 09:00:52,0,C
2018-03-20 12:15:42,43,B
2018-03-16 15:29:26,1,A
2018-03-21 12:04:51,45,C
2018-03-22 00:16:35,21,B
2018-03-19 15:32:25,37,C
2018-03-21 10:04:09,69,C
2018-03-17 05:00:55,143,B
2018-03-16 10:10:51,29,B
2018-03-16 14:23:17,12,A
2018-03-21 08:12:59,1,C
2018-03-21 12:54:20,17,B
2018-03-19 05:01:34,24,C
2018-03-18 05:29:25,90,B
2018-03-19 06:45:11,132,A
2018-03-20 10:08:26,46,A
2018-03-21 22:04:52,104,A
2018-03-20 07:43:24,108,C
2018-03-21 12:58:08,35,A
2018-03-20 10:58:29,27,A
2018-03-16 12:01:46,129,C
2018-03-16 09:36:57,23,A
2018-03-19 14:46:11,6,B
2018-03-20 10:11:23,73,B
2018-03-19 05:26:20,12,C
2018-03-20 06:36:56,8,A
2018-03-20 16:26:52,2,C
2018-03-20 06:02:05,21,A
2018-03-20 08:26:08,8,C
2018-03-16 10:37:02,71,A
2018-03-20 13:14:09,1,A
2018-03-20 05:31:05,48,B
2018-03-21 05:11:14,57,A
2018-03-21 14:24:19,54,A
2018-03-19 12:34:07,79,A
2018-03-20 05:55:47,10,A
2018-03-20 08:15:56,10,A
2018-03-19 10:36:57,33,A
2018-03-18 22:38:10,609,C
2018-03-20 07:31:16,252,B
2018-03-17 09:13:44,89,A
2018-03-21 11:30:25,13,A
2018-03-16 10:00:33,22,C
2018-03-19 18:29:14,1,C
2018-03-17 06:00:43,12,B
2018-03-19 13:25:48,13,B
2018-03-19 06:14:14,1,C
2018-03-20 07:48:47,1,A
2018-03-20 15:10:08,283,A
2018-03-16 06:17:57,145,C
2018-03-17 06:00:45,124,C
2018-03-19 23:06:54,6,C
2018-03-16 16:34:52,13,B
2018-03-19 11:30:46,17,B
2018-03-19 15:44:41,127,C
2018-03-19 10:47:01,278,B
2018-03-16 13:17:56,79,A
2018-03-16 10:30:07,223,B
2018-03-16 05:29:48,2,A
2018-03-20 13:35:42,1,C
2018-03-19 07:00:33,15,B
2018-03-21 05:34:09,32,B
2018-03-21 14:27:48,8,C
2018-03-21 23:00:56,19,B
2018-03-19 01:43:20,23,C
2018-03-20 09:20:58,23,B
2018-03-21 16:23:08,20,C
2018-03-20 11:43:30,4,C
2018-03-19 10:00:29,3,C
2018-03-20 10:10:50,15,B
2018-03-20 18:24:48,3,C
2018-03-21 09:06:59,9,A
2018-03-21 14:31:27,9,A
2018-03-20 05:10:37,52,B
2018-03-16 05:18:26,27,A
2018-03-19 10:39:25,241,B
2018-03-16 20:15:24,49,B
2018-03-20 11:08:42,38,B
2018-03-18 07:00:42,19,A
2018-03-20 12:38:08,0,B
2018-03-20 12:58:50,29,A
2018-03-16 06:14:56,19,A
2018-03-16 12:36:14,428,A
2018-03-21 06:00:53,8,C
2018-03-16 05:30:32,33,C
2018-03-19 05:00:13,141,B
2018-03-16 18:50:24,25,C
2018-03-16 06:18:35,109,C
2018-03-18 03:15:16,3,B
2018-03-19 12:18:03,7,C
2018-03-20 08:18:29,34,C
2018-03-19 16:21:28,19,A
2018-03-17 11:30:08,10,A
2018-03-21 08:20:27,52,B
2018-03-19 06:00:43,49,A
2018-03-19 07:36:41,30,A
2018-03-18 05:30:33,76,C
2018-03-16 13:42:05,0,B
2018-03-17 06:06:33,20,B
2018-03-20 17:00:16,52,A
2018-03-16 08:13:43,32,B
2018-03-21 05:30:40,13,A
2018-03-19 09:29:41,48,A
2018-03-20 05:45:51,19,C
2018-03-21 10:06:34,83,B
2018-03-19 11:30:23,15,A
2018-03-20 15:42:06,438,C
2018-03-19 14:48:32,111,B
2018-03-19 10:01:11,30,B
2018-03-16 17:22:44,117,A
2018-03-21 06:20:14,3,C
2018-03-16 19:20:38,31,B
2018-03-16 02:15:31,160,B
2018-03-19 09:16:44,3,B
2018-03-16 10:00:18,257,C
2018-03-20 19:00:16,1,C
2018-03-20 15:54:26,6,A
2018-03-20 17:22:16,4,C
2018-03-20 18:38:51,13,C
2018-03-21 10:48:28,36,B
2018-03-21 12:37:21,51,B
2018-03-19 10:13:00,707,A
2018-03-19 05:15:47,0,B
2018-03-20 10:21:22,487,C
2018-03-21 09:03:55,236,A
2018-03-19 17:34:45,118,C
2018-03-19 15:56:18,19,C
2018-03-20 20:07:44,8,C
2018-03-19 07:23:49,21,B
2018-03-20 14:13:56,12,A
2018-03-19 21:33:49,7,C
2018-03-16 23:14:10,1,B
2018-03-20 13:20:45,14,B
2018-03-21 10:20:45,36,A
2018-03-20 10:22:08,12,C
2018-03-21 18:23:06,0,A
2018-03-18 23:12:02,102,C
2018-03-20 21:11:48,76,B
2018-03-20 07:21:23,12,A
2018-03-16 17:14:16,1,A
2018-03-16 09:21:14,294,C
2018-03-20 17:14:31,1,A
2018-03-16 05:29:48,157,B
2018-03-19 07:19:00,123,C
2018-03-19 15:26:18,10,B
2018-03-19 16:02:10,1,C
2018-03-18 05:01:23,123,B
2018-03-17 14:26:53,509,A
2018-03-20 08:58:34,7,B
2018-03-17 11:57:19,3,B
2018-03-16 12:08:17,4,C
2018-03-17 12:41:54,4,B
2018-03-21 02:02:12,35,C
2018-03-16 01:14:38,2,A
2018-03-20 11:48:38,5,B
2018-03-19 08:33:06,26,A
2018-03-16 06:13:18,141,C
2018-03-19 05:02:13,138,B
2018-03-19 12:13:40,1148,B
2018-03-21 15:18:15,13,B
2018-03-22 01:26:50,2,C
2018-03-19 09:48:31,14,C
2018-03-16 11:26:13,9,A
2018-03-21 18:20:35,0,B
2018-03-21 14:22:53,57,A
2018-03-16 14:49:03,0,C
2018-03-20 10:47:39,23,B
2018-03-20 09:50:40,32,A
2018-03-21 13:42:53,42,A
2018-03-16 19:48:13,18,C
2018-03-21 11:08:34,122,A
2018-03-16 17:22:47,12,A
2018-03-20 15:13:26,10,A
2018-03-19 11:24:15,8,A
2018-03-21 14:47:42,3,B
2018-03-17 10:11:07,2,C
2018-03-19 12:33:12,33,A
2018-03-22 01:29:50,1,B
2018-03-20 13:44:17,30,A
2018-03-20 13:50:11,0,C
2018-03-21 14:21:26,7,C
2018-03-16 10:30:25,20,C
2018-03-16 14:12:53,7,A
2018-03-19 09:22:42,17,A
2018-03-20 12:22:56,53,B
2018-03-20 06:30:02,1,C
2018-03-19 06:02:03,115,B
2018-03-19 13:32:44,8,B
2018-03-20 10:23:49,8,C
2018-03-17 10:50:59,1,C
2018-03-19 16:05:51,53,C
2018-03-20 06:00:53,42,A
2018-03-20 15:31:52,"1,265",C
2018-03-19 11:50:25,123,C
2018-03-20 08:16:39,27,A
2018-03-19 06:44:58,132,B
2018-03-21 06:30:26,39,A
2018-03-20 16:52:03,77,B
2018-03-19 17:50:28,17,B
2018-03-16 09:01:13,167,A
2018-03-20 14:17:16,5,A
2018-03-18 04:35:48,20,C
2018-03-16 10:13:41,34,C
2018-03-19 10:23:57,9,A
2018-03-19 13:11:25,1,C
2018-03-20 09:11:56,22,C
2018-03-21 13:59:34,0,A
2018-03-21 14:24:00,6,B
2018-03-19 08:36:48,35,A
2018-03-21 09:01:02,135,C
2018-03-16 20:01:24,0,A
2018-03-20 12:04:57,72,A
2018-03-19 06:02:51,6,A
2018-03-16 03:00:50,188,B
2018-03-17 20:29:49,1,C
2018-03-20 12:25:18,274,B
2018-03-21 13:35:30,76,C
2018-03-20 06:35:39,5,B
2018-03-20 03:18:12,9,C
2018-03-19 09:31:55,5,C
2018-03-20 01:15:22,2,B
2018-03-21 20:26:47,1,B
2018-03-21 04:35:46,21,A
2018-03-20 08:12:56,46,B
2018-03-16 12:52:25,203,B
2018-03-16 16:25:39,72,A
2018-03-19 07:16:20,10,C
2018-03-16 06:01:06,51,A
2018-03-20 09:09:16,349,C
2018-03-20 10:10:34,740,B
2018-03-20 11:48:14,24,C
2018-03-20 05:45:51,21,C
2018-03-16 14:22:24,18,C
2018-03-21 09:38:23,10,C
2018-03-20 07:27:47,20,C
2018-03-21 14:31:47,8,C
2018-03-16 22:51:10,38,A
2018-03-18 06:02:09,11,C
2018-03-20 05:36:49,9,B
2018-03-19 15:31:27,101,A
2018-03-16 12:00:37,127,C
2018-03-21 04:26:42,4,A
2018-03-16 15:00:28,6,A
2018-03-19 07:37:49,125,A
2018-03-18 23:03:11,108,B
2018-03-20 15:10:04,19,B
2018-03-20 14:56:20,8,B
2018-03-21 21:10:12,0,C
2018-03-16 15:11:10,21,A
2018-03-16 11:29:17,3,C
2018-03-17 21:30:02,1,C
2018-03-21 05:30:52,14,A
2018-03-20 11:58:56,35,C
2018-03-20 06:01:10,25,C
2018-03-19 07:22:56,34,A
2018-03-21 10:48:01,17,B
2018-03-20 05:30:14,178,A
2018-03-19 08:44:04,8,C
2018-03-21 20:11:12,9,B
2018-03-19 18:53:12,1,B
2018-03-20 13:07:29,34,C
2018-03-19 19:06:23,23,A
2018-03-21 06:02:07,16,C
2018-03-16 08:59:26,14,A
2018-03-20 13:28:11,143,B
2018-03-20 21:04:50,17,B
2018-03-19 13:33:15,71,B
2018-03-19 14:07:26,149,A
2018-03-20 09:36:14,39,A
2018-03-16 15:54:08,233,C
2018-03-18 05:29:11,166,A
2018-03-18 23:01:14,15,C
2018-03-20 10:14:27,1,C
2018-03-20 16:23:57,16,A
2018-03-19 05:15:02,130,C
2018-03-16 08:23:54,27,B
2018-03-21 18:33:28,610,B
2018-03-20 11:29:51,3,A
2018-03-19 13:33:53,24,A
2018-03-16 18:23:56,22,B
2018-03-19 22:11:46,1,C
2018-03-21 13:25:45,149,C
2018-03-16 05:54:50,293,A
2018-03-19 04:31:22,141,B
2018-03-19 18:40:21,60,A
2018-03-21 10:36:43,34,B
2018-03-18 23:06:03,73,A
2018-03-21 17:15:53,96,C
2018-03-16 08:11:06,13,C
2018-03-21 17:21:09,17,C
2018-03-18 09:26:10,1,A
2018-03-19 07:24:01,123,A
2018-03-18 23:18:16,18,B
2018-03-19 09:02:40,4,C
2018-03-16 12:59:14,6,C
2018-03-20 16:28:50,14,C
2018-03-20 15:34:29,1,A
2018-03-21 14:59:47,734,B
2018-03-20 14:43:50,20,C
2018-03-19 21:54:02,317,A
2018-03-19 14:27:42,46,A
2018-03-19 08:12:32,25,B
2018-03-19 11:29:09,0,C
2018-03-16 14:38:07,23,B
2018-03-21 12:21:09,13,A
2018-03-21 18:31:59,7,B
2018-03-19 01:45:41,78,B
2018-03-20 11:30:21,144,B
2018-03-20 16:47:17,2,C
2018-03-18 17:15:27,57,C
2018-03-19 00:28:57,6,A
2018-03-21 12:15:46,15,A
2018-03-16 11:29:23,2,C
2018-03-19 08:23:13,127,C
2018-03-19 20:39:31,0,C
2018-03-19 08:51:26,16,C
2018-03-20 08:53:50,6,A
2018-03-16 07:58:14,0,A
2018-03-20 21:29:12,1,A
2018-03-16 12:33:18,214,B
2018-03-16 19:22:38,16,C
2018-03-19 09:39:51,108,B
2018-03-17 02:00:10,43,B
2018-03-19 12:22:34,24,A
2018-03-20 21:06:28,9,C
2018-03-17 05:15:18,133,C
2018-03-17 11:32:57,348,C
2018-03-19 11:14:48,602,A
2018-03-19 15:36:03,613,C
2018-03-16 08:35:15,127,C
2018-03-18 09:01:11,22,B
2018-03-21 16:31:31,33,B
2018-03-21 15:17:57,6,B
2018-03-19 17:36:54,0,B
2018-03-16 10:10:23,1,A
2018-03-19 14:42:32,193,A
2018-03-18 06:12:07,6,B
2018-03-21 11:30:11,1,C
2018-03-19 11:49:12,79,C
2018-03-19 11:56:08,28,C
2018-03-19 07:57:55,1,B
2018-03-19 06:00:39,10,A
2018-03-20 03:00:16,70,B
2018-03-19 13:41:24,1,C
2018-03-19 13:10:16,87,B
2018-03-20 06:10:29,131,B
2018-03-21 00:46:08,180,B
2018-03-17 05:28:57,5,A
2018-03-20 07:21:00,31,A
2018-03-20 17:42:17,8,B
2018-03-21 09:45:48,41,A
2018-03-20 07:42:18,50,A
2018-03-21 16:45:58,0,A
2018-03-16 08:00:18,218,B
2018-03-19 17:41:18,503,A
2018-03-21 21:05:24,1,B
2018-03-20 01:15:00,1,C
2018-03-19 15:17:15,2,B
2018-03-19 13:28:51,114,B
2018-03-19 12:46:41,7,C
2018-03-20 13:44:55,43,C
2018-03-18 04:00:31,7,B
2018-03-16 08:08:17,51,C
2018-03-21 05:29:58,153,A
2018-03-18 10:00:21,19,A
2018-03-21 12:40:01,46,B
2018-03-20 12:18:26,216,B
2018-03-19 16:45:19,8,A
2018-03-20 15:24:20,21,A
2018-03-19 12:45:03,73,A
2018-03-19 20:26:43,1,B
2018-03-17 12:28:48,2,B
2018-03-21 16:15:57,17,B
2018-03-16 15:06:08,4,C
2018-03-21 21:03:18,21,A
2018-03-16 06:14:48,15,A
2018-03-21 07:21:03,15,A
2018-03-16 11:45:18,133,A
2018-03-22 00:29:44,2,A
2018-03-16 14:27:32,4,A
2018-03-20 12:00:36,448,C
2018-03-19 21:38:19,70,B
2018-03-19 14:40:34,84,A
2018-03-16 06:01:12,123,C
2018-03-20 10:03:54,39,B
2018-03-21 23:14:17,30,B
2018-03-19 21:24:40,5,B
2018-03-18 05:37:39,4,A
2018-03-20 06:20:15,56,A
2018-03-20 09:17:28,117,B
2018-03-21 14:40:02,68,C
2018-03-19 12:00:46,34,B
2018-03-16 08:04:07,25,B
2018-03-16 08:32:49,19,A
2018-03-19 16:00:37,9,C
2018-03-19 13:35:58,29,A
2018-03-21 10:57:31,26,B
2018-03-19 06:11:09,39,A
2018-03-20 11:16:34,407,C
2018-03-19 06:02:04,113,A
2018-03-19 12:38:28,378,A
2018-03-20 15:00:22,0,A
2018-03-18 23:12:11,24,C
2018-03-19 03:50:13,7,A
2018-03-16 19:37:35,1,C
2018-03-19 07:37:46,116,A
2018-03-18 05:31:34,16,C
2018-03-18 02:15:05,2,B
2018-03-16 01:47:34,49,C
2018-03-16 11:00:21,12,B
2018-03-19 16:27:23,93,A
2018-03-20 14:12:40,8,A
2018-03-19 08:18:09,1,A
2018-03-16 19:44:37,8,A
2018-03-20 12:18:03,863,B
2018-03-21 13:04:16,46,A
2018-03-20 11:38:12,122,A
2018-03-19 19:26:46,4,A
2018-03-21 20:39:14,64,A
2018-03-20 14:13:35,22,C
2018-03-21 17:40:39,691,C
2018-03-16 14:10:36,0,B
2018-03-16 16:35:58,23,B
2018-03-20 07:48:53,7,B
2018-03-16 21:53:01,19,C
2018-03-19 13:43:53,4,B
2018-03-21 16:34:36,54,C
2018-03-19 13:30:22,4,B
2018-03-19 06:27:26,8,B
2018-03-20 11:30:24,17,C
2018-03-21 09:32:45,6,B
2018-03-16 08:22:44,13,B
2018-03-19 14:33:07,121,B
2018-03-19 10:31:15,118,C
2018-03-18 05:29:09,125,B
2018-03-19 04:07:11,784,A
2018-03-20 00:29:51,42,A
2018-03-21 10:27:31,20,C
2018-03-19 16:08:18,94,A
2018-03-20 17:13:21,83,A
2018-03-21 14:22:22,21,B
2018-03-21 13:40:14,8,C
2018-03-16 13:47:02,184,A
2018-03-21 07:12:16,29,A
2018-03-16 13:54:50,14,A
2018-03-21 18:01:31,32,C
2018-03-20 04:04:05,121,B
2018-03-16 11:14:20,0,A
2018-03-16 02:29:25,1,B
2018-03-18 05:31:11,44,B
2018-03-16 18:33:44,26,B
2018-03-20 11:30:06,13,B
2018-03-21 05:56:08,33,B
2018-03-19 11:58:31,7,C
2018-03-20 07:49:12,35,C
2018-03-19 08:59:56,33,C
2018-03-21 05:30:26,172,A
2018-03-19 18:17:47,8,B
2018-03-19 08:59:21,36,C
2018-03-21 09:16:26,1,C
2018-03-21 17:35:45,18,C
2018-03-16 09:24:41,7,C
2018-03-16 15:35:55,61,B
2018-03-19 11:00:16,22,A
2018-03-20 05:30:14,60,C
2018-03-21 10:20:15,0,B
2018-03-21 16:52:30,19,B
2018-03-21 11:30:14,11,B
2018-03-16 15:31:55,10,A
2018-03-21 18:42:25,7,A
2018-03-16 12:19:38,84,A
2018-03-19 11:30:46,0,B
2018-03-21 09:38:27,22,A
2018-03-19 07:40:40,20,C
2018-03-16 13:05:15,6,A
2018-03-19 05:30:42,13,C
2018-03-19 04:24:07,56,A
2018-03-20 07:57:48,12,C
2018-03-16 10:35:07,4,A
2018-03-21 10:00:53,192,C
2018-03-19 16:31:12,0,A
2018-03-19 06:00:48,163,C
2018-03-21 10:22:30,20,C
2018-03-19 05:17:18,127,A
2018-03-16 08:05:24,20,B
2018-03-19 07:26:27,0,C
2018-03-16 05:01:32,20,A
2018-03-16 12:19:41,10,B
2018-03-20 12:26:37,49,B
2018-03-20 04:31:09,139,B
2018-03-20 12:56:26,2,A
2018-03-19 12:57:54,18,B
2018-03-20 13:02:22,160,B
2018-03-21 00:48:37,11,B
2018-03-19 06:17:27,23,B
2018-03-19 14:22:37,68,C
2018-03-21 17:20:06,25,A
2018-03-17 10:46:05,1,C
2018-03-19 08:01:36,375,C
2018-03-16 11:31:05,149,A
2018-03-20 14:34:25,65,C
2018-03-17 04:33:20,134,C
2018-03-16 06:01:01,5,C
2018-03-18 16:20:47,34,A
2018-03-21 10:27:58,26,A
2018-03-16 16:04:41,88,C
2018-03-19 08:53:23,13,A
2018-03-20 07:59:30,433,A
2018-03-16 06:30:24,12,C
2018-03-18 17:33:01,2,A
2018-03-19 19:16:44,10,C
2018-03-16 12:00:35,129,B
2018-03-16 15:24:24,32,C
2018-03-20 06:10:56,48,C
2018-03-20 19:02:38,2,B
2018-03-21 10:14:09,3,B
2018-03-21 11:04:07,163,A
2018-03-21 13:26:08,1,B
2018-03-21 15:18:08,23,A
2018-03-20 06:01:02,39,A
2018-03-16 05:17:33,125,B
2018-03-19 15:45:42,20,A
2018-03-18 10:30:15,131,A
2018-03-18 03:00:16,142,C
2018-03-21 11:43:38,30,B
2018-03-21 13:40:43,217,A
2018-03-20 18:38:17,682,C
2018-03-22 01:14:46,1,B
2018-03-19 19:13:41,0,B
2018-03-20 18:26:44,1,B
2018-03-21 10:19:48,52,A
2018-03-21 15:13:21,218,B
2018-03-21 16:46:36,2,B
2018-03-16 12:56:33,26,A
2018-03-19 14:53:32,112,B
2018-03-16 05:01:41,139,B
2018-03-16 06:01:18,13,A
2018-03-20 10:45:43,1,A
2018-03-19 13:41:29,9,C
2018-03-20 05:30:44,26,B
2018-03-18 10:50:15,0,C
2018-03-16 12:58:40,11,A
2018-03-20 10:35:25,154,A
2018-03-19 08:24:11,7,B
2018-03-20 16:37:50,2,A
2018-03-19 06:00:28,9,B
2018-03-19 06:56:40,57,B
2018-03-21 18:26:46,32,A
2018-03-19 14:19:05,594,B
2018-03-20 09:14:48,68,A
2018-03-19 17:21:55,11,A
2018-03-21 12:29:13,1,A
2018-03-16 02:15:29,58,B
2018-03-19 08:42:37,104,A
2018-03-19 06:35:21,120,C
2018-03-20 06:34:45,14,A
2018-03-22 01:56:50,15,A
2018-03-19 05:37:06,6,A
2018-03-21 07:57:06,5,A
2018-03-20 13:20:27,5,B
2018-03-21 10:37:17,11,B
2018-03-20 12:06:44,18,C
2018-03-19 13:09:54,76,C
2018-03-20 07:21:21,11,C
2018-03-16 16:01:18,15,C
2018-03-19 05:30:35,15,A
2018-03-16 07:46:34,27,C
2018-03-18 05:29:20,15,A
2018-03-19 14:36:34,20,B
2018-03-16 10:00:18,65,B
2018-03-19 10:55:29,18,A
2018-03-19 10:54:08,26,A
2018-03-20 11:09:58,4,C
2018-03-16 10:41:15,0,C
2018-03-16 10:34:07,12,A
2018-03-20 20:16:51,0,B
2018-03-16 14:37:42,8,A
2018-03-19 23:29:08,1,A
2018-03-21 10:47:50,128,C
2018-03-18 18:55:55,136,A
2018-03-20 09:09:31,35,C
2018-03-16 10:24:57,40,A
2018-03-20 11:59:22,1,A
2018-03-19 19:02:08,28,C
2018-03-21 17:51:51,10,A
2018-03-21 14:18:12,13,C
2018-03-17 06:30:25,15,B
2018-03-19 06:12:09,7,A
2018-03-16 16:26:19,44,B
2018-03-20 07:28:46,8,A
2018-03-16 18:18:33,25,B
2018-03-16 12:41:44,27,C
2018-03-19 16:43:17,137,B
2018-03-21 08:48:45,2,C
2018-03-21 15:35:07,1,C
2018-03-16 14:13:56,63,B
2018-03-20 14:30:17,170,A
2018-03-19 08:03:22,143,C
2018-03-19 13:53:24,15,A
2018-03-21 14:41:46,4,B
2018-03-20 14:11:31,23,C
2018-03-19 09:58:18,4,A
2018-03-20 12:55:57,9,A
2018-03-20 08:15:49,4,C
2018-03-19 10:06:44,42,A
2018-03-20 15:04:11,4,B
2018-03-20 08:04:36,14,A
2018-03-18 12:00:17,"1,256",A
2018-03-19 12:52:33,9,C
2018-03-21 13:08:06,59,B
2018-03-17 04:35:21,19,A
2018-03-16 14:01:51,1,A
2018-03-19 16:07:00,12,A
2018-03-21 14:18:52,93,B
2018-03-19 11:42:00,24,C
2018-03-21 12:20:31,11,C
2018-03-20 12:26:36,1,A
2018-03-19 11:09:59,0,C
2018-03-19 08:57:19,38,A
2018-03-19 10:37:01,39,B
2018-03-21 14:23:26,29,A
2018-03-16 08:18:29,123,B
2018-03-16 20:08:09,2,B
2018-03-21 14:04:00,2,B
2018-03-16 11:41:22,76,B
2018-03-21 12:02:46,14,C
2018-03-20 21:22:52,9,B
2018-03-19 22:29:45,1,C
2018-03-16 06:30:21,57,C
2018-03-16 09:09:05,43,B
2018-03-16 15:46:51,112,A
2018-03-18 04:27:05,121,C
2018-03-21 19:16:02,1,C
2018-03-20 08:34:12,5,A
2018-03-20 07:06:01,72,A
2018-03-20 07:17:33,10,B
2018-03-17 05:00:58,126,A
2018-03-20 16:14:49,19,A
2018-03-21 01:15:16,26,B
2018-03-19 06:21:00,21,C
2018-03-21 04:38:49,129,B
2018-03-21 06:58:46,123,B
2018-03-19 11:31:35,31,B
2018-03-20 09:57:59,30,C
2018-03-19 19:23:01,16,C
2018-03-19 10:59:27,611,A
2018-03-20 09:48:53,15,C
2018-03-16 17:07:57,6,C
2018-03-19 17:24:46,11,C
2018-03-20 18:40:44,7,A
2018-03-20 12:05:06,67,C
2018-03-19 03:30:01,21,C
2018-03-21 14:29:05,5,C
2018-03-19 06:04:09,95,A
2018-03-20 20:28:22,13,A
2018-03-20 08:42:09,18,C
2018-03-20 21:03:09,4,B
2018-03-20 08:37:50,54,C
2018-03-21 20:20:32,117,A
2018-03-16 14:36:41,33,B
2018-03-19 19:25:50,19,C
2018-03-19 19:22:12,0,B
2018-03-21 06:00:39,14,C
2018-03-21 12:00:29,142,B
2018-03-20 07:40:44,122,B
2018-03-19 13:04:15,11,A
2018-03-19 14:17:59,68,B
2018-03-16 13:19:11,134,B
2018-03-19 13:21:06,3,C
2018-03-20 01:02:20,29,C
2018-03-21 15:45:17,2,C
2018-03-18 03:14:25,1,B
2018-03-21 20:57:01,7,A
2018-03-19 13:12:15,199,C
2018-03-16 16:03:27,94,A
2018-03-18 15:29:38,5,A
2018-03-19 20:16:29,20,C
2018-03-21 15:23:34,92,A
2018-03-16 10:00:32,14,C
2018-03-18 12:00:13,58,A
2018-03-20 18:30:56,12,C
2018-03-21 18:51:36,2,B
2018-03-19 05:30:17,139,C
2018-03-19 08:18:21,34,B
2018-03-21 13:28:14,57,A
2018-03-21 12:02:12,77,C
2018-03-19 14:33:00,6,C
2018-03-16 10:51:45,4,B
2018-03-16 12:41:12,118,C
2018-03-21 09:55:19,59,A
2018-03-17 05:01:34,13,A
2018-03-18 04:24:08,50,B
2018-03-20 11:18:47,446,C
2018-03-17 04:31:37,140,A
2018-03-19 10:11:34,41,C
2018-03-17 06:10:35,49,B
2018-03-17 22:29:10,1,C
2018-03-19 06:21:10,8,C
2018-03-20 15:35:39,0,B
2018-03-19 16:48:21,12,A
2018-03-21 11:08:33,0,B
2018-03-20 06:43:15,10,C
2018-03-17 06:14:18,1,C
2018-03-16 05:01:38,60,A
2018-03-20 20:34:30,157,C
2018-03-21 13:38:06,24,B
2018-03-20 13:37:56,5,A
2018-03-21 21:36:02,7,C
2018-03-21 09:07:31,4,C
2018-03-21 21:48:54,7,C
2018-03-21 09:57:56,166,C
2018-03-21 13:27:13,39,C
2018-03-20 12:12:17,674,A
2018-03-16 02:04:03,0,A
2018-03-20 07:15:17,9,B
2018-03-21 07:34:10,19,A
2018-03-20 08:31:26,15,B
2018-03-16 07:47:10,2,C
2018-03-19 11:54:07,113,A
2018-03-19 05:30:48,22,A
2018-03-20 16:17:42,4,B
2018-03-16 21:12:56,15,B
2018-03-20 06:04:10,3,B
2018-03-21 14:30:29,13,C
2018-03-21 12:11:25,266,A
2018-03-16 08:29:36,121,B
2018-03-19 12:58:32,80,B
2018-03-19 10:20:39,91,B
2018-03-19 14:13:52,300,B
2018-03-18 05:32:53,37,B
2018-03-19 20:20:41,26,C
2018-03-17 05:26:45,2,A
2018-03-16 10:00:15,57,A
2018-03-20 17:51:16,10,A
2018-03-16 16:32:20,16,C
2018-03-20 13:52:47,133,C
2018-03-19 19:40:23,16,A
2018-03-20 17:21:57,9,A
2018-03-16 17:15:36,35,C
2018-03-16 06:01:05,157,B
2018-03-20 12:41:11,3,C
2018-03-19 06:45:00,132,A
2018-03-19 02:34:31,5,C
2018-03-21 08:33:07,42,C
2018-03-21 20:59:07,56,B
2018-03-19 10:04:52,35,B
2018-03-21 05:32:58,31,A
2018-03-19 10:50:39,23,B
2018-03-16 10:30:14,56,B
2018-03-19 12:03:03,23,A
2018-03-21 13:19:17,23,B
2018-03-20 10:00:44,14,B
2018-03-18 04:36:01,21,C
2018-03-19 13:26:20,37,B
2018-03-19 06:33:40,46,A
2018-03-16 18:23:15,22,B
2018-03-20 09:29:24,0,A
2018-03-20 12:35:30,49,B
2018-03-16 09:56:33,7,A
2018-03-16 04:26:57,112,B
2018-03-19 06:00:22,139,C
2018-03-21 05:02:38,9,A
2018-03-20 08:06:17,28,A
2018-03-16 18:00:24,20,B
2018-03-16 10:23:25,62,B
2018-03-17 10:01:07,21,C
2018-03-21 17:28:09,13,B
2018-03-21 13:15:56,10,A
2018-03-16 12:31:59,13,C
2018-03-19 10:50:54,1,C
2018-03-19 11:18:04,104,A
2018-03-19 13:53:41,4,B
2018-03-16 10:52:55,32,A
2018-03-21 10:20:49,54,A
2018-03-19 19:08:27,22,C
2018-03-20 13:00:26,10,C
2018-03-16 15:06:20,2,A
2018-03-20 14:11:23,11,C
2018-03-16 10:34:11,41,C
2018-03-20 14:02:43,114,A
2018-03-16 03:00:37,169,C
2018-03-16 14:39:27,16,A
2018-03-21 17:39:30,5,A
2018-03-16 16:12:26,1,B
2018-03-20 13:48:02,42,C
2018-03-20 04:20:10,25,A
2018-03-16 12:42:15,17,C
2018-03-19 10:50:40,4,B
2018-03-16 06:00:39,11,C
2018-03-16 08:44:48,27,A
2018-03-18 09:00:40,5,B
2018-03-20 05:51:42,7,A
2018-03-21 10:26:43,1,A
2018-03-20 09:00:27,29,B
2018-03-20 13:00:09,10,A
2018-03-20 05:34:47,16,A
2018-03-19 13:37:53,51,A
2018-03-18 04:30:06,123,B
2018-03-18 23:21:55,667,B
2018-03-20 06:01:29,253,A
2018-03-16 13:12:37,44,A
2018-03-21 05:31:06,41,C
2018-03-18 11:30:26,148,B
2018-03-16 12:06:03,76,C
2018-03-16 11:14:34,2,C
2018-03-20 06:44:16,17,A
2018-03-20 11:19:01,16,C
2018-03-20 06:44:21,120,C
2018-03-16 12:23:58,49,C
2018-03-21 06:00:43,35,C
2018-03-21 05:01:40,31,C
2018-03-20 12:00:51,69,C
2018-03-16 21:14:58,1,A
2018-03-19 09:00:50,1,B
2018-03-20 20:38:48,24,C
2018-03-19 12:42:58,675,A
2018-03-21 13:47:14,9,B
2018-03-19 11:36:33,31,C
2018-03-19 05:18:16,126,A
2018-03-21 08:59:00,22,A
2018-03-16 16:53:33,348,C
2018-03-19 08:12:49,24,C
2018-03-20 10:45:43,22,B
2018-03-19 10:51:05,93,B
2018-03-20 14:14:06,0,B
2018-03-19 03:30:00,2,A
2018-03-19 14:26:59,18,A
2018-03-16 15:37:46,17,B
2018-03-21 19:14:15,1,B
2018-03-18 17:30:03,97,B
2018-03-19 14:10:02,19,B
2018-03-21 07:30:01,22,A
2018-03-16 18:59:53,10,B
2018-03-20 02:13:49,7,C
2018-03-20 16:00:04,14,B
2018-03-20 11:50:25,562,C
